time,seconds_elapsed,z,y,x
1682059226448559900,0.018559814453125,-0.1580352783203125,-0.9351806640625,0.367584228515625
1682059226458506000,0.028506103515625,-0.1658477783203125,-0.93218994140625,0.354583740234375
1682059226468451000,0.038451171875,-0.1754302978515625,-0.92706298828125,0.3364105224609375
1682059226478396000,0.04839599609375,-0.1928558349609375,-0.891082763671875,0.32080078125
1682059226488341000,0.058341064453125,-0.1996002197265625,-0.89630126953125,0.3476715087890625
1682059226498286800,0.068286865234375,-0.18536376953125,-0.9698944091796875,0.3617401123046875
1682059226508232200,0.078232177734375,-0.2186279296875,-0.9922027587890625,0.3471221923828125
1682059226518177000,0.088177001953125,-0.2495880126953125,-0.9722747802734375,0.31878662109375
1682059226528121900,0.098121826171875,-0.243988037109375,-0.955413818359375,0.292205810546875
1682059226538068000,0.10806787109375,-0.235626220703125,-0.9457855224609375,0.2828369140625
1682059226548013000,0.118012939453125,-0.2298126220703125,-0.946258544921875,0.28399658203125
1682059226557958000,0.1279580078125,-0.22943115234375,-0.9521026611328125,0.2911834716796875
1682059226567904000,0.137904052734375,-0.244873046875,-0.949798583984375,0.3063201904296875
1682059226577848800,0.147848876953125,-0.2520294189453125,-0.945953369140625,0.319793701171875
1682059226587794200,0.157794189453125,-0.2651519775390625,-0.9431915283203125,0.33428955078125
1682059226597739000,0.167739013671875,-0.276214599609375,-0.94580078125,0.3340606689453125
1682059226607685000,0.17768505859375,-0.27008056640625,-0.938751220703125,0.324951171875
1682059226617630000,0.1876298828125,-0.2650299072265625,-0.9282379150390625,0.3181304931640625
1682059226627575000,0.197574951171875,-0.2483367919921875,-0.92626953125,0.3151397705078125
1682059226637520100,0.20752001953125,-0.2427978515625,-0.9295501708984375,0.31707763671875
1682059226647466000,0.217466064453125,-0.25091552734375,-0.9403533935546875,0.3114471435546875
1682059226657411000,0.2274111328125,-0.25152587890625,-0.9475555419921875,0.31011962890625
1682059226667357200,0.237357177734375,-0.258087158203125,-0.943328857421875,0.3145904541015625
1682059226677303300,0.24730322265625,-0.250457763671875,-0.938232421875,0.310455322265625
1682059226687248100,0.257248046875,-0.2448883056640625,-0.9345855712890625,0.30194091796875
1682059226697193200,0.267193115234375,-0.2440185546875,-0.9364471435546875,0.2861480712890625
1682059226707138300,0.27713818359375,-0.25164794921875,-0.9454345703125,0.28399658203125
1682059226717084200,0.287084228515625,-0.2495574951171875,-0.9647216796875,0.2746124267578125
1682059226727029200,0.297029296875,-0.234405517578125,-0.974365234375,0.2661590576171875
1682059226736974300,0.306974365234375,-0.228607177734375,-0.9764862060546875,0.2544708251953125
1682059226746920200,0.316920166015625,-0.2376708984375,-0.9775238037109375,0.244110107421875
1682059226756865300,0.326865234375,-0.2458953857421875,-0.979034423828125,0.2320098876953125
1682059226766810000,0.33681005859375,-0.250152587890625,-0.9785003662109375,0.2133331298828125
1682059226776755200,0.346755126953125,-0.2576751708984375,-0.9772796630859375,0.194122314453125
1682059226786701300,0.356701416015625,-0.2611541748046875,-0.979888916015625,0.1833038330078125
1682059226796646100,0.366646240234375,-0.2678985595703125,-0.9869842529296875,0.1787872314453125
1682059226806591200,0.37659130859375,-0.2689971923828125,-0.9975738525390625,0.16888427734375
1682059226816537000,0.386537109375,-0.270660400390625,-1.0018310546875,0.15277099609375
1682059226826482200,0.396482177734375,-0.26708984375,-1.0038909912109375,0.132568359375
1682059226836427300,0.40642724609375,-0.255828857421875,-0.999114990234375,0.113800048828125
1682059226846372000,0.4163720703125,-0.24993896484375,-0.9960174560546875,0.09661865234375
1682059226856318200,0.426318115234375,-0.2449493408203125,-1.0043792724609375,0.0867767333984375
1682059226866263000,0.436262939453125,-0.227996826171875,-1.0152740478515625,0.0791168212890625
1682059226876208400,0.44620849609375,-0.2188873291015625,-1.0180511474609375,0.072906494140625
1682059226886153200,0.4561533203125,-0.211944580078125,-1.0174560546875,0.0614471435546875
1682059226896099000,0.46609912109375,-0.198974609375,-1.017822265625,0.0472564697265625
1682059226906044200,0.476044189453125,-0.1833953857421875,-1.0111846923828125,0.032989501953125
1682059226915989200,0.4859892578125,-0.1717987060546875,-1.003662109375,0.0213775634765625
1682059226925935400,0.495935302734375,-0.1652984619140625,-1.0110931396484375,0.0092620849609375
1682059226935880200,0.505880126953125,-0.157958984375,-1.0215301513671875,0.0011749267578125
1682059226945825000,0.515824951171875,-0.15643310546875,-1.0293426513671875,-0.0010986328125
1682059226955770400,0.525770263671875,-0.15240478515625,-1.0361480712890625,0.000213623046875
1682059226965716200,0.53571630859375,-0.141265869140625,-1.0382080078125,-0.001068115234375
1682059226975661300,0.545661376953125,-0.13934326171875,-1.0280609130859375,-0.0046234130859375
1682059226985606100,0.555606201171875,-0.123687744140625,-1.0160675048828125,-0.011688232421875
1682059226995552300,0.56555224609375,-0.0771942138671875,-1.004150390625,-0.006591796875
1682059227005497300,0.575497314453125,-0.072723388671875,-1.00787353515625,0.0185089111328125
1682059227015442200,0.585442138671875,-0.1419219970703125,-1.0219573974609375,0.0020599365234375
1682059227025387300,0.59538720703125,-0.1094970703125,-1.0189056396484375,-0.0348663330078125
1682059227035333000,0.6053330078125,-0.091400146484375,-0.9974822998046875,-0.054962158203125
1682059227045278200,0.6152783203125,-0.1158599853515625,-0.993865966796875,-0.0708160400390625
1682059227055223300,0.625223388671875,-0.1179046630859375,-1.0050048828125,-0.0768890380859375
1682059227065168100,0.635168212890625,-0.101593017578125,-1.0072174072265625,-0.077484130859375
1682059227075114200,0.6451142578125,-0.0743408203125,-0.9986419677734375,-0.078277587890625
1682059227085059000,0.65505908203125,-0.0553741455078125,-0.9929656982421875,-0.08660888671875
1682059227095004400,0.66500439453125,-0.059600830078125,-0.997467041015625,-0.0980224609375
1682059227104950300,0.6749501953125,-0.0568084716796875,-1.0023193359375,-0.1085052490234375
1682059227114895000,0.68489501953125,-0.0490264892578125,-1.0012664794921875,-0.1087188720703125
1682059227124840200,0.694840087890625,-0.0450286865234375,-1.008880615234375,-0.1030120849609375
1682059227134785300,0.704785400390625,-0.0402069091796875,-1.0080413818359375,-0.1012115478515625
1682059227144731400,0.7147314453125,-0.0324554443359375,-0.9881439208984375,-0.095367431640625
1682059227154676200,0.72467626953125,-0.019927978515625,-0.98809814453125,-0.0947723388671875
1682059227164621000,0.73462109375,-0.0099334716796875,-0.998291015625,-0.0955352783203125
1682059227174567200,0.744567138671875,-0.0102386474609375,-1.0009002685546875,-0.0923004150390625
1682059227184512300,0.75451220703125,-0.01513671875,-1.001861572265625,-0.0918731689453125
1682059227194457300,0.764457275390625,-0.016143798828125,-1.0047149658203125,-0.0942840576171875
1682059227204402200,0.774402099609375,-0.0100860595703125,-1.00860595703125,-0.098663330078125
1682059227214348300,0.784348388671875,-0.005126953125,-1.011199951171875,-0.1024627685546875
1682059227224293000,0.794293212890625,0.00213623046875,-1.0157928466796875,-0.1105194091796875
1682059227234238200,0.80423828125,0.00555419921875,-1.017303466796875,-0.1243896484375
1682059227244183300,0.814183349609375,-0.0038909912109375,-1.0098419189453125,-0.1374969482421875
1682059227254129200,0.824129150390625,0.0001373291015625,-1.008331298828125,-0.1488800048828125
1682059227264074200,0.83407421875,0.0097503662109375,-1.0140380859375,-0.158172607421875
1682059227274019300,0.844019287109375,0.006561279296875,-1.02081298828125,-0.1645965576171875
1682059227283965200,0.853965087890625,0.0031585693359375,-1.0250091552734375,-0.1734466552734375
1682059227293910300,0.86391015625,0.001861572265625,-1.0188446044921875,-0.18231201171875
1682059227303855000,0.873855224609375,0.0052947998046875,-1.015838623046875,-0.189910888671875
1682059227313800200,0.88380029296875,0.0104827880859375,-1.020965576171875,-0.197784423828125
1682059227323746300,0.893746337890625,0.01318359375,-1.0264434814453125,-0.2084503173828125
1682059227333691100,0.903691162109375,0.0099029541015625,-1.034088134765625,-0.2174530029296875
1682059227343636200,0.91363623046875,0.009490966796875,-1.039581298828125,-0.2249603271484375
1682059227353581300,0.923581298828125,0.011444091796875,-1.039642333984375,-0.2328033447265625
1682059227363527400,0.93352734375,0.016082763671875,-1.0371246337890625,-0.2422943115234375
1682059227373472300,0.94347216796875,0.0203094482421875,-1.03167724609375,-0.2480316162109375
1682059227383417000,0.9534169921875,0.0230865478515625,-1.03057861328125,-0.250457763671875
1682059227393363200,0.96336328125,0.01953125,-1.0276947021484375,-0.254302978515625
1682059227403308000,0.97330810546875,0.0070953369140625,-1.0224609375,-0.2688751220703125
1682059227413253400,0.98325341796875,-0.00738525390625,-1.013916015625,-0.2752685546875
1682059227423198200,0.9931982421875,-0.0192413330078125,-1.0040283203125,-0.270843505859375
1682059227433144000,1.00314404296875,-0.03082275390625,-1.0003204345703125,-0.2606201171875
1682059227443089200,1.013089111328125,-0.038055419921875,-1.0005340576171875,-0.258087158203125
1682059227453034200,1.0230341796875,-0.046417236328125,-0.9934539794921875,-0.25726318359375
1682059227462980400,1.03298046875,-0.0449066162109375,-0.9900665283203125,-0.244537353515625
1682059227472925200,1.04292529296875,-0.024169921875,-0.9911956787109375,-0.220703125
1682059227482870000,1.0528701171875,-0.0098724365234375,-0.98193359375,-0.2007293701171875
1682059227492815400,1.0628154296875,-0.0083770751953125,-0.9691619873046875,-0.1945343017578125
1682059227502761200,1.07276123046875,-0.010101318359375,-0.9620361328125,-0.1947479248046875
1682059227512706300,1.082706298828125,0.000640869140625,-0.9499359130859375,-0.201324462890625
1682059227522651100,1.092651123046875,0.0018768310546875,-0.9337005615234375,-0.2085723876953125
1682059227532597200,1.10259716796875,-0.010101318359375,-0.928131103515625,-0.2146759033203125
1682059227542542300,1.112542236328125,-0.0171051025390625,-0.9412384033203125,-0.225067138671875
1682059227552487200,1.122487060546875,-0.019622802734375,-0.9617919921875,-0.2413787841796875
1682059227562432300,1.132432373046875,-0.028900146484375,-0.9799346923828125,-0.2625732421875
1682059227572378000,1.142378173828125,-0.0364990234375,-0.99310302734375,-0.2704925537109375
1682059227582323200,1.1523232421875,-0.039459228515625,-1.006011962890625,-0.271514892578125
1682059227592268300,1.162268310546875,-0.0361175537109375,-1.0188446044921875,-0.2755126953125
1682059227602213000,1.172213134765625,-0.036712646484375,-1.0283966064453125,-0.290924072265625
1682059227612159200,1.1821591796875,-0.047088623046875,-1.0358734130859375,-0.31011962890625
1682059227622104000,1.19210400390625,-0.0656280517578125,-1.0442657470703125,-0.3201904296875
1682059227632049400,1.20204931640625,-0.087615966796875,-1.051055908203125,-0.3162078857421875
1682059227641995300,1.211995361328125,-0.106414794921875,-1.057952880859375,-0.3063812255859375
1682059227651940000,1.221940185546875,-0.1235809326171875,-1.065399169921875,-0.3005828857421875
1682059227661885200,1.23188525390625,-0.1501007080078125,-1.070831298828125,-0.2988433837890625
1682059227671830500,1.24183056640625,-0.1818695068359375,-1.070159912109375,-0.2955780029296875
1682059227681776400,1.2517763671875,-0.21514892578125,-1.069732666015625,-0.2916107177734375
1682059227691721500,1.261721435546875,-0.2341156005859375,-1.07537841796875,-0.288543701171875
1682059227701666300,1.271666259765625,-0.2500457763671875,-1.08172607421875,-0.2811737060546875
1682059227711612200,1.281612060546875,-0.2748565673828125,-1.086517333984375,-0.2689971923828125
1682059227721557500,1.2915576171875,-0.309295654296875,-1.088531494140625,-0.2535400390625
1682059227731502300,1.30150244140625,-0.3289794921875,-1.093536376953125,-0.246673583984375
1682059227741447400,1.311447509765625,-0.342742919921875,-1.09918212890625,-0.2354583740234375
1682059227751393300,1.321393310546875,-0.3520050048828125,-1.10260009765625,-0.21661376953125
1682059227761338000,1.331338134765625,-0.3642120361328125,-1.1056671142578125,-0.2007598876953125
1682059227771283500,1.341283447265625,-0.3867034912109375,-1.1047210693359375,-0.1840972900390625
1682059227781228300,1.351228271484375,-0.413543701171875,-1.1077117919921875,-0.1712493896484375
1682059227791174400,1.36117431640625,-0.453582763671875,-1.110992431640625,-0.1582489013671875
1682059227801119200,1.371119140625,-0.4792327880859375,-1.11309814453125,-0.151702880859375
1682059227811064300,1.381064208984375,-0.4977569580078125,-1.1123046875,-0.1407623291015625
1682059227821010400,1.391010498046875,-0.513427734375,-1.108306884765625,-0.1174163818359375
1682059227830955300,1.400955322265625,-0.519287109375,-1.10980224609375,-0.0927581787109375
1682059227840900400,1.410900390625,-0.5153350830078125,-1.120086669921875,-0.0635986328125
1682059227850845400,1.420845458984375,-0.51171875,-1.13671875,-0.0284576416015625
1682059227860791600,1.43079150390625,-0.50030517578125,-1.1512908935546875,0.0072174072265625
1682059227870736400,1.440736328125,-0.4845123291015625,-1.1553955078125,0.0470733642578125
1682059227880681200,1.45068115234375,-0.4727325439453125,-1.1422271728515625,0.0841827392578125
1682059227890627300,1.46062744140625,-0.4627532958984375,-1.1269073486328125,0.1063690185546875
1682059227900572400,1.470572509765625,-0.4341278076171875,-1.1164703369140625,0.1221466064453125
1682059227910517200,1.480517333984375,-0.4123382568359375,-1.093048095703125,0.1381378173828125
1682059227920462300,1.49046240234375,-0.40386962890625,-1.060882568359375,0.1593475341796875
1682059227930408200,1.500408203125,-0.4037628173828125,-1.0421142578125,0.1855926513671875
1682059227940353300,1.510353271484375,-0.3897857666015625,-1.0405731201171875,0.2057952880859375
1682059227950298400,1.52029833984375,-0.3724212646484375,-1.0372467041015625,0.2250823974609375
1682059227960243200,1.5302431640625,-0.3582611083984375,-1.0277862548828125,0.236083984375
1682059227970189300,1.540189208984375,-0.333099365234375,-1.016143798828125,0.2475433349609375
1682059227980134100,1.550134033203125,-0.306060791015625,-1.0050201416015625,0.2484283447265625
1682059227990079500,1.56007958984375,-0.2823028564453125,-0.99163818359375,0.2414398193359375
1682059228000025300,1.570025390625,-0.2666015625,-0.9824371337890625,0.243988037109375
1682059228009970400,1.579970458984375,-0.2538299560546875,-0.9833526611328125,0.265594482421875
1682059228019915300,1.589915283203125,-0.246917724609375,-0.9915313720703125,0.293914794921875
1682059228029860400,1.5998603515625,-0.2409820556640625,-0.9997100830078125,0.3148956298828125
1682059228039806500,1.609806396484375,-0.2314300537109375,-0.9956817626953125,0.3270721435546875
1682059228049751300,1.619751220703125,-0.230560302734375,-0.9736175537109375,0.3403167724609375
1682059228059696400,1.6296962890625,-0.2257080078125,-0.9398956298828125,0.3572845458984375
1682059228069642200,1.639642333984375,-0.218597412109375,-0.907623291015625,0.3754730224609375
1682059228079587300,1.64958740234375,-0.214080810546875,-0.88885498046875,0.3804931640625
1682059228089532400,1.659532470703125,-0.21044921875,-0.8646240234375,0.373291015625
1682059228099477200,1.669477294921875,-0.199493408203125,-0.8385467529296875,0.3643951416015625
1682059228109423400,1.67942333984375,-0.186370849609375,-0.8255767822265625,0.360076904296875
1682059228119368200,1.6893681640625,-0.1810455322265625,-0.8311309814453125,0.358795166015625
1682059228129313300,1.699313232421875,-0.1767425537109375,-0.8507843017578125,0.3615264892578125
1682059228139258400,1.70925830078125,-0.170013427734375,-0.8692626953125,0.3679351806640625
1682059228149204200,1.719204345703125,-0.1593017578125,-0.877410888671875,0.370025634765625
1682059228159149300,1.7291494140625,-0.1370697021484375,-0.874755859375,0.3682708740234375
1682059228169094400,1.739094482421875,-0.112701416015625,-0.8697357177734375,0.3646240234375
1682059228179040500,1.74904052734375,-0.0987396240234375,-0.8724365234375,0.35699462890625
1682059228188985300,1.7589853515625,-0.0896453857421875,-0.8824310302734375,0.3524627685546875
1682059228198930200,1.76893017578125,-0.0840301513671875,-0.887908935546875,0.3494415283203125
1682059228208875500,1.77887548828125,-0.078125,-0.8880767822265625,0.3496856689453125
1682059228218821400,1.7888212890625,-0.06475830078125,-0.8901519775390625,0.349273681640625
1682059228228766500,1.798766357421875,-0.06280517578125,-0.891357421875,0.3501434326171875
1682059228238711300,1.808711181640625,-0.061126708984375,-0.8961334228515625,0.35394287109375
1682059228248657200,1.8186572265625,-0.0570831298828125,-0.8988189697265625,0.358062744140625
1682059228258602500,1.8286025390625,-0.0576324462890625,-0.899383544921875,0.3610076904296875
1682059228268547300,1.83854736328125,-0.0570220947265625,-0.9033966064453125,0.36578369140625
1682059228278492400,1.848492431640625,-0.051971435546875,-0.903594970703125,0.371734619140625
1682059228288438300,1.858438232421875,-0.0477447509765625,-0.894927978515625,0.3778839111328125
1682059228298383400,1.86838330078125,-0.0364837646484375,-0.8845672607421875,0.380157470703125
1682059228308328400,1.878328369140625,-0.0319061279296875,-0.8748779296875,0.3868408203125
1682059228318273300,1.888273193359375,-0.02630615234375,-0.8685150146484375,0.39483642578125
1682059228328219400,1.898219482421875,-0.0210113525390625,-0.857574462890625,0.4014434814453125
1682059228338164200,1.908164306640625,-0.01556396484375,-0.84814453125,0.4078216552734375
1682059228348109300,1.918109375,-0.00531005859375,-0.845733642578125,0.4164276123046875
1682059228358055400,1.928055419921875,-0.00042724609375,-0.8398590087890625,0.42596435546875
1682059228368000300,1.938000244140625,0.000244140625,-0.839202880859375,0.435028076171875
1682059228377945300,1.9479453125,0.0032806396484375,-0.8392486572265625,0.44384765625
1682059228387890400,1.957890380859375,0.0036468505859375,-0.833038330078125,0.4536895751953125
1682059228397836500,1.96783642578125,0.005218505859375,-0.823333740234375,0.4671783447265625
1682059228407781400,1.977781494140625,0.0102386474609375,-0.8185577392578125,0.48260498046875
1682059228417726200,1.987726318359375,0.008087158203125,-0.8202362060546875,0.499053955078125
1682059228427671600,1.997671630859375,0.006500244140625,-0.8215789794921875,0.5137176513671875
1682059228437617400,2.007617431640625,0.013153076171875,-0.816619873046875,0.5235137939453125
1682059228447562200,2.017562255859375,0.019195556640625,-0.8043975830078125,0.531036376953125
1682059228457507300,2.02750732421875,0.0247955322265625,-0.792633056640625,0.5317535400390625
1682059228467453200,2.037453125,0.03082275390625,-0.7859039306640625,0.533172607421875
1682059228477398300,2.047398193359375,0.0305023193359375,-0.7872314453125,0.539642333984375
1682059228487343400,2.05734326171875,0.0316009521484375,-0.792022705078125,0.54083251953125
1682059228497288200,2.0672880859375,0.0283050537109375,-0.7904815673828125,0.5372772216796875
1682059228507234300,2.077234375,0.0215301513671875,-0.7848968505859375,0.529510498046875
1682059228517179100,2.08717919921875,0.0139923095703125,-0.78985595703125,0.5229644775390625
1682059228527124500,2.09712451171875,-0.0054473876953125,-0.8030853271484375,0.5173187255859375
1682059228537070300,2.1070703125,-0.0282745361328125,-0.8168792724609375,0.51202392578125
1682059228547015400,2.117015380859375,-0.0475311279296875,-0.826385498046875,0.5016021728515625
1682059228556960300,2.126960205078125,-0.070770263671875,-0.830841064453125,0.4835968017578125
1682059228566905300,2.1369052734375,-0.0910186767578125,-0.8362579345703125,0.4594879150390625
1682059228576851500,2.1468515625,-0.1043853759765625,-0.8398895263671875,0.436767578125
1682059228586796300,2.15679638671875,-0.1237335205078125,-0.8454742431640625,0.41680908203125
1682059228596741400,2.166741455078125,-0.146697998046875,-0.860626220703125,0.3940582275390625
1682059228606687200,2.176687255859375,-0.1689910888671875,-0.8749847412109375,0.3670806884765625
1682059228616632300,2.18663232421875,-0.1981658935546875,-0.8849029541015625,0.34356689453125
1682059228626577400,2.196577392578125,-0.226776123046875,-0.8959197998046875,0.3272552490234375
1682059228636522200,2.206522216796875,-0.2459259033203125,-0.9086761474609375,0.3083038330078125
1682059228646468400,2.21646826171875,-0.2605133056640625,-0.917327880859375,0.2889404296875
1682059228656413400,2.226413330078125,-0.2753448486328125,-0.9232025146484375,0.2747802734375
1682059228666358300,2.236358154296875,-0.29278564453125,-0.9235992431640625,0.265533447265625
1682059228676301800,2.2463017578125,-0.318328857421875,-0.9259033203125,0.256988525390625
1682059228686248000,2.256248046875,-0.33795166015625,-0.93206787109375,0.24822998046875
1682059228696192800,2.26619287109375,-0.3409423828125,-0.9215087890625,0.2458343505859375
1682059228706137900,2.276137939453125,-0.35687255859375,-0.91143798828125,0.243804931640625
1682059228716083700,2.286083740234375,-0.378082275390625,-0.9191741943359375,0.2518310546875
1682059228726028800,2.29602880859375,-0.402008056640625,-0.9310302734375,0.2655181884765625
1682059228735974000,2.305973876953125,-0.420135498046875,-0.9372100830078125,0.281829833984375
1682059228745918700,2.315918701171875,-0.43426513671875,-0.9424896240234375,0.3031005859375
1682059228755864800,2.32586474609375,-0.447052001953125,-0.941802978515625,0.319732666015625
1682059228765809700,2.3358095703125,-0.44952392578125,-0.9305267333984375,0.331390380859375
1682059228775755000,2.345755126953125,-0.4532470703125,-0.921173095703125,0.343109130859375
1682059228785700900,2.355700927734375,-0.463714599609375,-0.9189605712890625,0.351226806640625
1682059228795645700,2.365645751953125,-0.477691650390625,-0.9180908203125,0.358367919921875
1682059228805590800,2.3755908203125,-0.477691650390625,-0.9141082763671875,0.3683929443359375
1682059228815535900,2.385535888671875,-0.47186279296875,-0.9124908447265625,0.3721923828125
1682059228825482000,2.39548193359375,-0.47064208984375,-0.9089202880859375,0.3792266845703125
1682059228835426800,2.4054267578125,-0.4689178466796875,-0.915679931640625,0.390625
1682059228845371600,2.41537158203125,-0.473785400390625,-0.9343719482421875,0.40093994140625
1682059228855317000,2.42531689453125,-0.484832763671875,-0.9514617919921875,0.3997344970703125
1682059228865262800,2.435262939453125,-0.4852142333984375,-0.962890625,0.3951568603515625
1682059228875208000,2.4452080078125,-0.4830780029296875,-0.975830078125,0.38916015625
1682059228885152800,2.45515283203125,-0.493865966796875,-0.9937896728515625,0.3796234130859375
1682059228895097900,2.465097900390625,-0.510223388671875,-1.0048370361328125,0.3641357421875
1682059228905044000,2.4750439453125,-0.521331787109375,-1.001983642578125,0.3444671630859375
1682059228914988800,2.48498876953125,-0.522796630859375,-0.9995574951171875,0.323516845703125
1682059228924934000,2.494933837890625,-0.5205230712890625,-1.0048828125,0.30535888671875
1682059228934879700,2.504879638671875,-0.5276031494140625,-1.0164947509765625,0.2903289794921875
1682059228944824800,2.514824951171875,-0.5369720458984375,-1.0270233154296875,0.2742919921875
1682059228954770000,2.52477001953125,-0.5381317138671875,-1.0421295166015625,0.2580413818359375
1682059228964714800,2.53471484375,-0.5417022705078125,-1.05828857421875,0.2444305419921875
1682059228974660900,2.544660888671875,-0.54754638671875,-1.063934326171875,0.2291717529296875
1682059228984605700,2.554605712890625,-0.5523834228515625,-1.0714263916015625,0.2137298583984375
1682059228994551000,2.564551025390625,-0.551544189453125,-1.07635498046875,0.19580078125
1682059229004497000,2.574496826171875,-0.55078125,-1.072021484375,0.177459716796875
1682059229014441700,2.584441650390625,-0.5511932373046875,-1.066864013671875,0.1621551513671875
1682059229024386800,2.59438671875,-0.54302978515625,-1.0662689208984375,0.1509552001953125
1682059229034332000,2.604331787109375,-0.5339813232421875,-1.05987548828125,0.1387481689453125
1682059229044278000,2.614278076171875,-0.5249786376953125,-1.056640625,0.1283416748046875
1682059229054222800,2.624222900390625,-0.5105743408203125,-1.058135986328125,0.1219329833984375
1682059229064167700,2.634167724609375,-0.4830474853515625,-1.0645599365234375,0.11871337890625
1682059229074112800,2.64411279296875,-0.45843505859375,-1.0709075927734375,0.1158905029296875
1682059229084059000,2.654058837890625,-0.4342803955078125,-1.070709228515625,0.1122589111328125
1682059229094004000,2.66400390625,-0.4078826904296875,-1.0639190673828125,0.10870361328125
1682059229103948800,2.67394873046875,-0.38714599609375,-1.05303955078125,0.1056060791015625
1682059229113895000,2.68389501953125,-0.3672332763671875,-1.0444488525390625,0.102752685546875
1682059229123839700,2.69383984375,-0.3488311767578125,-1.04315185546875,0.099761962890625
1682059229133784800,2.703784912109375,-0.331756591796875,-1.0336456298828125,0.096771240234375
1682059229143730000,2.71372998046875,-0.31207275390625,-1.021636962890625,0.1009979248046875
1682059229153675800,2.72367578125,-0.297332763671875,-1.0161590576171875,0.1068878173828125
1682059229163620900,2.733620849609375,-0.2877197265625,-1.0118408203125,0.1089935302734375
1682059229173566000,2.74356591796875,-0.2755126953125,-1.0028076171875,0.1090240478515625
1682059229183511800,2.75351171875,-0.2608489990234375,-0.997802734375,0.1101531982421875
1682059229193457000,2.763456787109375,-0.248687744140625,-0.9993438720703125,0.1123046875
1682059229203401700,2.773401611328125,-0.2426910400390625,-0.9945831298828125,0.119232177734375
1682059229213346800,2.783346923828125,-0.228240966796875,-0.9945220947265625,0.1253509521484375
1682059229223293000,2.79329296875,-0.2194976806640625,-0.9894561767578125,0.1251068115234375
1682059229233237800,2.80323779296875,-0.2126312255859375,-0.98822021484375,0.1250152587890625
1682059229243182800,2.813182861328125,-0.2076263427734375,-0.9848480224609375,0.1235198974609375
1682059229253128000,2.8231279296875,-0.2095184326171875,-0.97308349609375,0.1213531494140625
1682059229263074000,2.833073974609375,-0.209747314453125,-0.959869384765625,0.119659423828125
1682059229273019000,2.843018798828125,-0.201934814453125,-0.9551849365234375,0.1183013916015625
1682059229282963700,2.852963623046875,-0.192474365234375,-0.950042724609375,0.118560791015625
1682059229292909800,2.862909912109375,-0.1831512451171875,-0.9510345458984375,0.11944580078125
1682059229302854700,2.872854736328125,-0.174713134765625,-0.958892822265625,0.1172637939453125
1682059229312800000,2.882800048828125,-0.1600189208984375,-0.9604034423828125,0.1155548095703125
1682059229322744800,2.892744873046875,-0.1446685791015625,-0.95867919921875,0.11395263671875
1682059229332690700,2.902690673828125,-0.1367340087890625,-0.959503173828125,0.107147216796875
1682059229342635800,2.9126357421875,-0.128387451171875,-0.959014892578125,0.10272216796875
1682059229352580900,2.922580810546875,-0.123626708984375,-0.951324462890625,0.1000213623046875
1682059229362526000,2.93252587890625,-0.1173248291015625,-0.9441680908203125,0.1005859375
1682059229372471800,2.942471923828125,-0.1104278564453125,-0.94305419921875,0.105255126953125
1682059229382416600,2.952416748046875,-0.1026458740234375,-0.9434051513671875,0.1143646240234375
1682059229392362000,2.962362060546875,-0.096923828125,-0.9439239501953125,0.12139892578125
1682059229402307800,2.972307861328125,-0.0904083251953125,-0.9506988525390625,0.1237030029296875
1682059229412253000,2.9822529296875,-0.0822296142578125,-0.953582763671875,0.1254730224609375
1682059229422197800,2.99219775390625,-0.072113037109375,-0.9444580078125,0.127777099609375
1682059229432142800,3.002142822265625,-0.0577392578125,-0.938507080078125,0.1251220703125
1682059229442089000,3.0120888671875,-0.04925537109375,-0.9392242431640625,0.1237335205078125
1682059229452033800,3.02203369140625,-0.0437469482421875,-0.948486328125,0.12188720703125
1682059229461979000,3.031978759765625,-0.039947509765625,-0.960235595703125,0.1212005615234375
1682059229471923700,3.041923828125,-0.0433502197265625,-0.9633026123046875,0.12139892578125
1682059229481869800,3.051869873046875,-0.0467376708984375,-0.9640655517578125,0.1170654296875
1682059229491815000,3.06181494140625,-0.047515869140625,-0.964141845703125,0.11212158203125
1682059229501759700,3.071759765625,-0.047088623046875,-0.9610595703125,0.1115264892578125
1682059229511705900,3.081705810546875,-0.0442657470703125,-0.95465087890625,0.1122589111328125
1682059229521650700,3.091650634765625,-0.0367584228515625,-0.9539947509765625,0.112213134765625
1682059229531596000,3.101595947265625,-0.0362701416015625,-0.9572601318359375,0.1106414794921875
1682059229541540900,3.111540771484375,-0.0333404541015625,-0.9586944580078125,0.103118896484375
1682059229551486700,3.12148681640625,-0.029754638671875,-0.9609222412109375,0.095550537109375
1682059229561431800,3.131431884765625,-0.0296478271484375,-0.9595947265625,0.0851593017578125
1682059229571377000,3.141376953125,-0.025299072265625,-0.95745849609375,0.079376220703125
1682059229581323000,3.151322998046875,-0.0215606689453125,-0.95367431640625,0.071868896484375
1682059229591267800,3.161267822265625,-0.0238494873046875,-0.951019287109375,0.06085205078125
1682059229601212700,3.171212646484375,-0.0239105224609375,-0.9576416015625,0.05670166015625
1682059229611158000,3.181157958984375,-0.0274658203125,-0.965423583984375,0.055755615234375
1682059229621103900,3.191103759765625,-0.0361480712890625,-0.9633941650390625,0.0530853271484375
1682059229631049000,3.201049072265625,-0.0386810302734375,-0.956817626953125,0.0496826171875
1682059229640993800,3.210993896484375,-0.0377044677734375,-0.951446533203125,0.0452880859375
1682059229650938600,3.220938720703125,-0.046142578125,-0.9427337646484375,0.0406341552734375
1682059229660884700,3.230884765625,-0.0526275634765625,-0.944000244140625,0.0381011962890625
1682059229670834200,3.240834228515625,-0.059844970703125,-0.9560394287109375,0.0398101806640625
1682059229680779000,3.250779052734375,-0.07220458984375,-0.957916259765625,0.043212890625
1682059229690724900,3.260724853515625,-0.0782623291015625,-0.955413818359375,0.043365478515625
1682059229700670000,3.270669921875,-0.0843353271484375,-0.9519195556640625,0.0406036376953125
1682059229710615000,3.280614990234375,-0.0971832275390625,-0.9488372802734375,0.0401763916015625
1682059229720560000,3.29056005859375,-0.10772705078125,-0.9559326171875,0.041534423828125
1682059229730506000,3.300506103515625,-0.1219329833984375,-0.9654388427734375,0.042999267578125
1682059229740450800,3.310450927734375,-0.1418914794921875,-0.9642486572265625,0.0443267822265625
1682059229750396000,3.32039599609375,-0.1577911376953125,-0.9614105224609375,0.0421905517578125
1682059229760341000,3.330341064453125,-0.1743621826171875,-0.9608612060546875,0.0399017333984375
1682059229770287000,3.340287109375,-0.1976318359375,-0.9627685546875,0.039215087890625
1682059229780232000,3.35023193359375,-0.2205352783203125,-0.9616241455078125,0.0373992919921875
1682059229790176800,3.3601767578125,-0.2378082275390625,-0.9665679931640625,0.0360107421875
1682059229800123000,3.370122802734375,-0.2593841552734375,-0.9707183837890625,0.0346221923828125
1682059229810068000,3.38006787109375,-0.28363037109375,-0.9747314453125,0.03045654296875
1682059229820013000,3.390012939453125,-0.306793212890625,-0.9772491455078125,0.0251617431640625
1682059229829958000,3.3999580078125,-0.327911376953125,-0.9717559814453125,0.01995849609375
1682059229839904000,3.409904052734375,-0.3485870361328125,-0.963104248046875,0.013824462890625
1682059229849849000,3.41984912109375,-0.369598388671875,-0.9597015380859375,0.0101470947265625
1682059229859794000,3.4297939453125,-0.3927154541015625,-0.961669921875,0.005645751953125
1682059229869739000,3.439739013671875,-0.4111328125,-0.9660491943359375,0.001983642578125
1682059229879684900,3.449684814453125,-0.429595947265625,-0.96807861328125,0.000701904296875
1682059229889630000,3.4596298828125,-0.4520263671875,-0.9655914306640625,-0.0029754638671875
1682059229899575000,3.469574951171875,-0.468994140625,-0.96142578125,-0.007537841796875
1682059229909521000,3.47952099609375,-0.4876251220703125,-0.954620361328125,-0.0107879638671875
1682059229919466000,3.489466064453125,-0.50726318359375,-0.947509765625,-0.014678955078125
1682059229929410800,3.499410888671875,-0.515289306640625,-0.947265625,-0.0173187255859375
1682059229939356000,3.50935595703125,-0.52508544921875,-0.9556732177734375,-0.016632080078125
1682059229949302000,3.519302001953125,-0.56195068359375,-0.9707183837890625,-0.0146484375
1682059229959246800,3.529246826171875,-0.5644073486328125,-0.9732818603515625,-0.0106964111328125
1682059229969192000,3.53919189453125,-0.573089599609375,-0.976776123046875,-0.007537841796875
1682059229979137000,3.549136962890625,-0.5868988037109375,-0.9826202392578125,-0.006378173828125
1682059229989083100,3.559083251953125,-0.60260009765625,-0.987945556640625,-0.0079803466796875
1682059229999028000,3.569028076171875,-0.6203155517578125,-0.9941558837890625,-0.01116943359375
1682059230008972800,3.578972900390625,-0.638580322265625,-1.0005950927734375,-0.016448974609375
1682059230018919000,3.5889189453125,-0.6527252197265625,-1.0070648193359375,-0.0243988037109375
1682059230028864000,3.598864013671875,-0.6652374267578125,-1.0107269287109375,-0.0316009521484375
1682059230038809000,3.60880908203125,-0.6768035888671875,-1.0126800537109375,-0.038177490234375
1682059230048754000,3.61875390625,-0.6778411865234375,-1.010345458984375,-0.044921875
1682059230058699800,3.62869970703125,-0.699798583984375,-1.0189971923828125,-0.0579681396484375
1682059230068645000,3.63864501953125,-0.7083892822265625,-1.0293426513671875,-0.063232421875
1682059230078590000,3.64858984375,-0.698028564453125,-1.0272979736328125,-0.064422607421875
1682059230088535000,3.65853515625,-0.69561767578125,-1.0166778564453125,-0.0630645751953125
1682059230098481000,3.66848095703125,-0.6896820068359375,-1.0100555419921875,-0.0642852783203125
1682059230108425700,3.67842578125,-0.6812744140625,-1.009185791015625,-0.065338134765625
1682059230118371000,3.68837109375,-0.671051025390625,-1.0147705078125,-0.061370849609375
1682059230128316000,3.69831591796875,-0.661834716796875,-1.021575927734375,-0.0571441650390625
1682059230138262000,3.708261962890625,-0.6548309326171875,-1.025146484375,-0.05029296875
1682059230148206800,3.718206787109375,-0.6483154296875,-1.029754638671875,-0.039154052734375
1682059230158152000,3.72815185546875,-0.6418304443359375,-1.0318145751953125,-0.0240936279296875
1682059230168098000,3.73809814453125,-0.6389923095703125,-1.030181884765625,-0.011138916015625
1682059230178043000,3.74804296875,-0.6373291015625,-1.0240478515625,0.00146484375
1682059230187988000,3.757988037109375,-0.63427734375,-1.0081939697265625,0.013671875
1682059230197933000,3.76793310546875,-0.6299285888671875,-0.9919891357421875,0.0242156982421875
1682059230207879200,3.777879150390625,-0.630279541015625,-0.9781951904296875,0.0375213623046875
1682059230217824000,3.787823974609375,-0.6312255859375,-0.967071533203125,0.05584716796875
1682059230227768800,3.797768798828125,-0.63250732421875,-0.9547576904296875,0.0736236572265625
1682059230237714200,3.807714111328125,-0.6262054443359375,-0.9445953369140625,0.0918731689453125
1682059230247660000,3.817659912109375,-0.6202392578125,-0.935516357421875,0.109954833984375
1682059230257605000,3.827605224609375,-0.615631103515625,-0.9254150390625,0.129058837890625
1682059230267550000,3.837550048828125,-0.60595703125,-0.9214324951171875,0.1485443115234375
1682059230277495800,3.847495849609375,-0.5972137451171875,-0.9172210693359375,0.168243408203125
1682059230287441000,3.85744091796875,-0.5878143310546875,-0.9081878662109375,0.1928558349609375
1682059230297386000,3.867385986328125,-0.5742340087890625,-0.9053955078125,0.213836669921875
1682059230307330800,3.877330810546875,-0.5605926513671875,-0.90020751953125,0.234344482421875
1682059230317277000,3.88727685546875,-0.5464630126953125,-0.8878326416015625,0.2524261474609375
1682059230327221800,3.8972216796875,-0.5329132080078125,-0.8805389404296875,0.2687225341796875
1682059230337167000,3.9071669921875,-0.5206451416015625,-0.87469482421875,0.28289794921875
1682059230347113000,3.917113037109375,-0.5062255859375,-0.87005615234375,0.2972412109375
1682059230357058000,3.92705810546875,-0.4911041259765625,-0.8672332763671875,0.312530517578125
1682059230367003000,3.9370029296875,-0.476226806640625,-0.86602783203125,0.3267822265625
1682059230376948000,3.946947998046875,-0.4610595703125,-0.86737060546875,0.3438873291015625
1682059230386894000,3.95689404296875,-0.4471893310546875,-0.8744049072265625,0.3587188720703125
1682059230396839000,3.9668388671875,-0.4348602294921875,-0.8837738037109375,0.3691558837890625
1682059230406784000,3.976783935546875,-0.425445556640625,-0.88616943359375,0.3768463134765625
1682059230416729000,3.98672900390625,-0.41448974609375,-0.884490966796875,0.3807525634765625
1682059230426675000,3.996675048828125,-0.4032440185546875,-0.883880615234375,0.38018798828125
1682059230436620000,4.0066201171875,-0.3900146484375,-0.883819580078125,0.372222900390625
1682059230446564900,4.01656494140625,-0.3829498291015625,-0.8839263916015625,0.3700408935546875
1682059230456511000,4.026510986328125,-0.3756561279296875,-0.8865509033203125,0.36566162109375
1682059230466456000,4.0364560546875,-0.369140625,-0.888153076171875,0.361663818359375
1682059230476401000,4.04640087890625,-0.35968017578125,-0.89288330078125,0.3584442138671875
1682059230486346000,4.056345947265625,-0.3521728515625,-0.9001312255859375,0.35467529296875
1682059230496291800,4.066291748046875,-0.3428955078125,-0.900146484375,0.35174560546875
1682059230506237000,4.07623681640625,-0.3311920166015625,-0.8993988037109375,0.3495330810546875
1682059230516182000,4.08618212890625,-0.3195648193359375,-0.9032135009765625,0.35003662109375
1682059230526126800,4.096126953125,-0.309356689453125,-0.90850830078125,0.350433349609375
1682059230536073000,4.106072998046875,-0.298004150390625,-0.9100799560546875,0.353240966796875
1682059230546017800,4.116017822265625,-0.2825469970703125,-0.9091796875,0.3543701171875
1682059230555963100,4.125963134765625,-0.2665863037109375,-0.9081268310546875,0.357208251953125
1682059230565909000,4.135908935546875,-0.25347900390625,-0.9057769775390625,0.36181640625
1682059230575854000,4.14585400390625,-0.23895263671875,-0.904205322265625,0.3676605224609375
1682059230585799000,4.155798828125,-0.2252960205078125,-0.8995819091796875,0.375762939453125
1682059230595744000,4.165743896484375,-0.207855224609375,-0.8937835693359375,0.3867340087890625
1682059230605690000,4.175690185546875,-0.190277099609375,-0.896759033203125,0.401611328125
1682059230615635000,4.185635009765625,-0.1725006103515625,-0.9041595458984375,0.412872314453125
1682059230625580000,4.195580078125,-0.1564178466796875,-0.900604248046875,0.4208526611328125
1682059230635524900,4.20552490234375,-0.15185546875,-0.8779144287109375,0.4457550048828125
1682059230645471000,4.215470947265625,-0.1223907470703125,-0.88372802734375,0.4413909912109375
1682059230655416000,4.225416015625,-0.094757080078125,-0.8749542236328125,0.4267120361328125
1682059230665361000,4.23536083984375,-0.098419189453125,-0.847747802734375,0.4573822021484375
1682059230675304200,4.24530419921875,-0.0725250244140625,-0.8537139892578125,0.49237060546875
1682059230685249000,4.2552490234375,-0.059783935546875,-0.8634490966796875,0.5160369873046875
1682059230695194000,4.265194091796875,-0.0576934814453125,-0.861175537109375,0.529815673828125
1682059230705139200,4.27513916015625,-0.0438995361328125,-0.8565673828125,0.5342559814453125
1682059230715085000,4.2850849609375,-0.0460357666015625,-0.8396148681640625,0.544464111328125
1682059230725030100,4.295030029296875,-0.045318603515625,-0.8301849365234375,0.5579986572265625
1682059230734975000,4.30497509765625,-0.03887939453125,-0.8239593505859375,0.5655517578125
1682059230744920000,4.314920166015625,-0.04010009765625,-0.8114166259765625,0.5766448974609375
1682059230754866200,4.3248662109375,-0.038665771484375,-0.80108642578125,0.590606689453125
1682059230764811000,4.33481103515625,-0.040313720703125,-0.796539306640625,0.603057861328125
1682059230774756000,4.344756103515625,-0.04754638671875,-0.7905731201171875,0.6136322021484375
1682059230784702000,4.354701904296875,-0.0510101318359375,-0.7819671630859375,0.6210784912109375
1682059230794647000,4.36464697265625,-0.04986572265625,-0.7757720947265625,0.6258392333984375
1682059230804592000,4.374592041015625,-0.0466766357421875,-0.7670440673828125,0.6261749267578125
1682059230814537000,4.384536865234375,-0.0496368408203125,-0.7546234130859375,0.6280364990234375
1682059230824483000,4.394483154296875,-0.04791259765625,-0.7463226318359375,0.633270263671875
1682059230834428200,4.40442822265625,-0.0363311767578125,-0.7359771728515625,0.635772705078125
1682059230844373000,4.414373046875,-0.0263824462890625,-0.7218780517578125,0.6326141357421875
1682059230854318000,4.424318115234375,-0.0207366943359375,-0.720245361328125,0.6318206787109375
1682059230864264000,4.434263916015625,-0.01068115234375,-0.736236572265625,0.633514404296875
1682059230874209300,4.444209228515625,-0.0013427734375,-0.7509765625,0.6373138427734375
1682059230884154000,4.454154052734375,0.0038299560546875,-0.7540283203125,0.64306640625
1682059230894100200,4.464100341796875,0.017730712890625,-0.7574310302734375,0.643524169921875
1682059230904045000,4.474045166015625,0.0271759033203125,-0.763427734375,0.6354217529296875
1682059230913990100,4.483990234375,0.0244903564453125,-0.7490081787109375,0.626739501953125
1682059230923935200,4.493935302734375,0.02545166015625,-0.7220916748046875,0.615631103515625
1682059230933881000,4.503881103515625,0.0261077880859375,-0.703887939453125,0.60260009765625
1682059230943826200,4.513826171875,0.022979736328125,-0.7006683349609375,0.59417724609375
1682059230953771000,4.52377099609375,0.0118408203125,-0.6985321044921875,0.5897369384765625
1682059230963716900,4.533716796875,0.001678466796875,-0.697723388671875,0.59173583984375
1682059230973662200,4.543662109375,-0.007415771484375,-0.7119140625,0.5916900634765625
1682059230983607000,4.55360693359375,-0.0202484130859375,-0.7217254638671875,0.5886993408203125
1682059230993552000,4.5635517578125,-0.0261383056640625,-0.7218780517578125,0.58197021484375
1682059231003498000,4.573498046875,-0.02838134765625,-0.721710205078125,0.571075439453125
1682059231013443000,4.583443115234375,-0.0351715087890625,-0.7205352783203125,0.558258056640625
1682059231023388200,4.59338818359375,-0.0333251953125,-0.7204437255859375,0.5467376708984375
1682059231033333000,4.6033330078125,-0.02886962890625,-0.7331695556640625,0.53826904296875
1682059231043279000,4.613279052734375,-0.04229736328125,-0.73956298828125,0.53131103515625
1682059231053224200,4.62322412109375,-0.0511474609375,-0.7433013916015625,0.523223876953125
1682059231063169000,4.6331689453125,-0.057373046875,-0.750152587890625,0.51348876953125
1682059231073114000,4.643114013671875,-0.0699920654296875,-0.75225830078125,0.503570556640625
1682059231083060000,4.65306005859375,-0.079345703125,-0.75762939453125,0.491912841796875
1682059231093005000,4.663005126953125,-0.0829620361328125,-0.7816619873046875,0.478302001953125
1682059231102950100,4.6729501953125,-0.0997161865234375,-0.80316162109375,0.4713287353515625
1682059231112896000,4.68289599609375,-0.1156158447265625,-0.811859130859375,0.4652862548828125
1682059231122841000,4.692841064453125,-0.1237335205078125,-0.8269195556640625,0.4557952880859375
1682059231132786000,4.702785888671875,-0.146484375,-0.8466339111328125,0.4410247802734375
1682059231142731300,4.712731201171875,-0.1780548095703125,-0.8529510498046875,0.4207305908203125
1682059231152677000,4.722677001953125,-0.2034149169921875,-0.8555908203125,0.385406494140625
1682059231162622000,4.7326220703125,-0.21978759765625,-0.8625946044921875,0.349273681640625
1682059231172567000,4.742567138671875,-0.23663330078125,-0.87432861328125,0.323638916015625
1682059231182512000,4.75251220703125,-0.254150390625,-0.887908935546875,0.3077545166015625
1682059231192458200,4.762458251953125,-0.264190673828125,-0.905792236328125,0.299652099609375
1682059231202403000,4.772403076171875,-0.28070068359375,-0.914794921875,0.2987518310546875
1682059231212348000,4.782347900390625,-0.30364990234375,-0.923004150390625,0.3015594482421875
1682059231222294000,4.7922939453125,-0.310333251953125,-0.939208984375,0.3083343505859375
1682059231232239000,4.802239013671875,-0.34881591796875,-0.94879150390625,0.308258056640625
1682059231242184200,4.81218408203125,-0.372802734375,-0.9493560791015625,0.3138275146484375
1682059231252129000,4.82212890625,-0.384429931640625,-0.943023681640625,0.3179168701171875
1682059231262075100,4.8320751953125,-0.399444580078125,-0.9366607666015625,0.31884765625
1682059231272020200,4.842020263671875,-0.41455078125,-0.9273223876953125,0.312286376953125
1682059231281965000,4.851965087890625,-0.4246673583984375,-0.9181671142578125,0.302093505859375
1682059231291911200,4.8619111328125,-0.4364776611328125,-0.918212890625,0.2892913818359375
1682059231301856000,4.87185595703125,-0.44061279296875,-0.9261932373046875,0.2817840576171875
1682059231311801000,4.881801025390625,-0.442230224609375,-0.9409332275390625,0.27813720703125
1682059231321746200,4.89174609375,-0.44879150390625,-0.9604034423828125,0.2812347412109375
1682059231331692000,4.901692138671875,-0.44915771484375,-0.985321044921875,0.2871551513671875
1682059231341637000,4.91163720703125,-0.445556640625,-1.0009765625,0.2813720703125
1682059231351582000,4.92158203125,-0.44342041015625,-1.0083770751953125,0.2722625732421875
1682059231361527000,4.931527099609375,-0.44195556640625,-1.0098114013671875,0.2548675537109375
1682059231371473200,4.94147314453125,-0.433624267578125,-1.00830078125,0.24566650390625
1682059231381418000,4.95141796875,-0.4184722900390625,-1.02032470703125,0.25433349609375
1682059231391363000,4.961363037109375,-0.4290771484375,-1.0436248779296875,0.2677459716796875
1682059231401308200,4.97130810546875,-0.4524078369140625,-1.0556488037109375,0.2862396240234375
1682059231411254300,4.981254150390625,-0.4584808349609375,-1.0540618896484375,0.302398681640625
1682059231421199000,4.99119921875,-0.4611663818359375,-1.05120849609375,0.3015289306640625
1682059231431144000,5.00114404296875,-0.4741058349609375,-1.05181884765625,0.2847747802734375
1682059231441090000,5.011090087890625,-0.485076904296875,-1.0417633056640625,0.2630615234375
1682059231451035100,5.02103515625,-0.4913177490234375,-1.032501220703125,0.246673583984375
1682059231460980200,5.030980224609375,-0.501556396484375,-1.0329437255859375,0.2368011474609375
1682059231470925000,5.040925048828125,-0.514739990234375,-1.036041259765625,0.2246246337890625
1682059231480871200,5.05087109375,-0.526611328125,-1.0368194580078125,0.2126617431640625
1682059231490816000,5.06081591796875,-0.53594970703125,-1.036224365234375,0.2018280029296875
1682059231500761000,5.070760986328125,-0.5445556640625,-1.026947021484375,0.18951416015625
1682059231510706200,5.0807060546875,-0.547027587890625,-1.0178680419921875,0.181976318359375
1682059231520652000,5.090652099609375,-0.543182373046875,-1.0140838623046875,0.175048828125
1682059231530596900,5.100596923828125,-0.538177490234375,-1.009674072265625,0.16876220703125
1682059231540542200,5.110542236328125,-0.5230255126953125,-1.004302978515625,0.1625213623046875
1682059231550488000,5.120488037109375,-0.50860595703125,-0.9980621337890625,0.150665283203125
1682059231560433200,5.13043310546875,-0.4964141845703125,-0.9967498779296875,0.1339263916015625
1682059231570378000,5.1403779296875,-0.478424072265625,-0.9949188232421875,0.120208740234375
1682059231580323000,5.150322998046875,-0.456024169921875,-0.9909820556640625,0.10894775390625
1682059231590269200,5.160269287109375,-0.44110107421875,-0.9933013916015625,0.096893310546875
1682059231600214000,5.170214111328125,-0.4351806640625,-0.9983367919921875,0.0869293212890625
1682059231610159000,5.1801591796875,-0.4316558837890625,-1.001373291015625,0.0794525146484375
1682059231620104200,5.190104248046875,-0.4199371337890625,-1.0013885498046875,0.069793701171875
1682059231630050300,5.20005029296875,-0.4021453857421875,-0.9928741455078125,0.066741943359375
1682059231639995100,5.2099951171875,-0.389892578125,-0.9834442138671875,0.068267822265625
1682059231649940000,5.21993994140625,-0.3783416748046875,-0.9794464111328125,0.07366943359375
1682059231659886000,5.229885986328125,-0.3722991943359375,-0.973419189453125,0.0784454345703125
1682059231669831000,5.239830810546875,-0.3638153076171875,-0.9721221923828125,0.075775146484375
1682059231679775500,5.249775390625,-0.3544158935546875,-0.9680938720703125,0.074676513671875
1682059231689720600,5.259720458984375,-0.3505401611328125,-0.9554290771484375,0.074981689453125
1682059231699666400,5.26966650390625,-0.3477783203125,-0.9554595947265625,0.0765838623046875
1682059231709611800,5.27961181640625,-0.3443450927734375,-0.9661407470703125,0.07867431640625
1682059231719556600,5.289556640625,-0.3399658203125,-0.965301513671875,0.0829010009765625
1682059231729501400,5.29950146484375,-0.3288116455078125,-0.9553985595703125,0.0883636474609375
1682059231739447600,5.309447509765625,-0.320404052734375,-0.9487457275390625,0.0909271240234375
1682059231749392400,5.319392333984375,-0.31610107421875,-0.9409027099609375,0.0899505615234375
1682059231759337700,5.329337646484375,-0.315643310546875,-0.93292236328125,0.0889892578125
1682059231769283600,5.33928369140625,-0.3114166259765625,-0.930694580078125,0.092254638671875
1682059231779228700,5.349228759765625,-0.3079833984375,-0.930145263671875,0.099395751953125
1682059231789173500,5.359173583984375,-0.3103790283203125,-0.9254608154296875,0.1127166748046875
1682059231799118600,5.36911865234375,-0.30804443359375,-0.922119140625,0.1209869384765625
1682059231809064700,5.379064697265625,-0.3108062744140625,-0.9178009033203125,0.1245880126953125
1682059231819009500,5.389009521484375,-0.31524658203125,-0.9161376953125,0.1291046142578125
1682059231828954600,5.39895458984375,-0.311859130859375,-0.91778564453125,0.1343231201171875
1682059231838899700,5.408899658203125,-0.3215179443359375,-0.903045654296875,0.135284423828125
1682059231848845600,5.418845458984375,-0.329559326171875,-0.885498046875,0.1331787109375
1682059231858790700,5.428790771484375,-0.3202362060546875,-0.879486083984375,0.1328887939453125
1682059231868735500,5.438735595703125,-0.31787109375,-0.8654937744140625,0.1323089599609375
1682059231878680600,5.4486806640625,-0.3165435791015625,-0.85076904296875,0.1335296630859375
1682059231888626700,5.458626708984375,-0.3031768798828125,-0.856292724609375,0.142974853515625
1682059231898571500,5.468571533203125,-0.29302978515625,-0.8615264892578125,0.153045654296875
1682059231908516600,5.4785166015625,-0.290802001953125,-0.8492889404296875,0.156982421875
1682059231918462500,5.48846240234375,-0.2884979248046875,-0.8338470458984375,0.15826416015625
1682059231928407600,5.498407470703125,-0.283355712890625,-0.8188629150390625,0.1634063720703125
1682059231938352600,5.5083525390625,-0.2816619873046875,-0.8066558837890625,0.170257568359375
1682059231948297500,5.51829736328125,-0.2801361083984375,-0.7964630126953125,0.175140380859375
1682059231958243600,5.52824365234375,-0.276123046875,-0.77984619140625,0.1785888671875
1682059231968188400,5.5381884765625,-0.2730712890625,-0.7585296630859375,0.182037353515625
1682059231978133800,5.5481337890625,-0.2688446044921875,-0.73663330078125,0.181976318359375
1682059231988078600,5.55807861328125,-0.2738800048828125,-0.7137908935546875,0.1805572509765625
1682059231998024700,5.568024658203125,-0.27532958984375,-0.6949005126953125,0.17657470703125
1682059232007969500,5.577969482421875,-0.263153076171875,-0.6663055419921875,0.1796722412109375
1682059232017914600,5.58791455078125,-0.2495269775390625,-0.6182861328125,0.1873321533203125
1682059232027860700,5.59786083984375,-0.2445526123046875,-0.564239501953125,0.17755126953125
1682059232037805600,5.6078056640625,-0.2408905029296875,-0.5145263671875,0.1453857421875
1682059232047750400,5.61775048828125,-0.2329559326171875,-0.4616241455078125,0.110107421875
1682059232057695700,5.62769580078125,-0.223114013671875,-0.403045654296875,0.07269287109375
1682059232067641600,5.6376416015625,-0.2217864990234375,-0.34979248046875,0.0312957763671875
1682059232077586700,5.647586669921875,-0.219512939453125,-0.30810546875,0.001373291015625
1682059232087531500,5.657531494140625,-0.21307373046875,-0.262969970703125,-0.0138397216796875
1682059232097476600,5.6674765625,-0.2140350341796875,-0.2030029296875,-0.037261962890625
1682059232107422500,5.67742236328125,-0.215850830078125,-0.1371917724609375,-0.069610595703125
1682059232117367600,5.687367431640625,-0.2031707763671875,-0.06439208984375,-0.077911376953125
1682059232127312600,5.697312744140625,-0.18939208984375,0.0068359375,-0.0858306884765625
1682059232137258500,5.707258544921875,-0.17431640625,0.0722808837890625,-0.105010986328125
1682059232147203600,5.71720361328125,-0.144805908203125,0.137298583984375,-0.119171142578125
1682059232157148700,5.727148681640625,-0.1107025146484375,0.1910858154296875,-0.118011474609375
1682059232167093500,5.737093505859375,-0.0859375,0.2592620849609375,-0.0933685302734375
1682059232177039600,5.74703955078125,-0.068450927734375,0.312164306640625,-0.028564453125
1682059232186984400,5.756984375,-0.0743560791015625,0.336029052734375,-0.0294342041015625
1682059232196929800,5.7669296875,-0.09246826171875,0.324676513671875,-0.0719757080078125
1682059232206874600,5.77687451171875,-0.0832366943359375,0.216522216796875,-0.1171875
1682059232216820500,5.786820556640625,-0.0753021240234375,0.2171173095703125,-0.1128082275390625
1682059232226765600,5.796765625,-0.043670654296875,0.12451171875,-0.0096435546875
1682059232236710700,5.806710693359375,-0.05279541015625,0.1222686767578125,-0.000457763671875
1682059232246656800,5.81665673828125,-0.0513916015625,0.12164306640625,-0.0052947998046875
1682059232256601600,5.8266015625,-0.0338592529296875,0.0709228515625,0.004302978515625
1682059232266546400,5.83654638671875,-0.011474609375,-0.0013275146484375,0.005645751953125
1682059232276491500,5.846491455078125,-0.0057220458984375,-0.0079498291015625,0.0057525634765625
1682059232286437600,5.856437744140625,-0.005859375,-0.004364013671875,0.005950927734375
1682059232296382700,5.8663828125,-0.0062255859375,-0.005462646484375,0.006011962890625
1682059232306327600,5.87632763671875,-0.0077056884765625,-0.0059967041015625,0.0056610107421875
1682059232316272400,5.8862724609375,-0.0059356689453125,-0.005279541015625,0.005523681640625
1682059232326218500,5.896218505859375,-0.0059356689453125,-0.004730224609375,0.0057830810546875
1682059232336163600,5.90616357421875,-0.004638671875,-0.004974365234375,0.0053558349609375
1682059232346108700,5.916108642578125,-0.0040130615234375,-0.0052490234375,0.005157470703125
1682059232356054500,5.926054443359375,-0.003997802734375,-0.00567626953125,0.0061798095703125
1682059232365999600,5.93599951171875,-0.0047607421875,-0.00531005859375,0.0056304931640625
1682059232375944700,5.94594482421875,-0.006561279296875,-0.0059967041015625,0.0059967041015625
1682059232385889500,5.9558896484375,-0.00732421875,-0.0055389404296875,0.0061492919921875
1682059232395835600,5.965835693359375,-0.0084991455078125,-0.006011962890625,0.0061492919921875
1682059232405780500,5.975780517578125,-0.008636474609375,-0.00640869140625,0.0061187744140625
1682059232415725600,5.9857255859375,-0.01068115234375,-0.0057220458984375,0.006103515625
1682059232425670700,5.995670654296875,-0.0120697021484375,-0.006500244140625,0.006988525390625
1682059232435616500,6.005616455078125,-0.014312744140625,-0.0068359375,0.006622314453125
1682059232445561600,6.0155615234375,-0.018157958984375,-0.0074005126953125,0.00653076171875
1682059232455506700,6.025506591796875,-0.0210418701171875,-0.0066986083984375,0.006195068359375
1682059232465452500,6.03545263671875,-0.0252685546875,-0.007110595703125,0.0076141357421875
1682059232475397600,6.045397705078125,-0.0290679931640625,-0.007354736328125,0.0074615478515625
1682059232485342500,6.055342529296875,-0.0336761474609375,-0.0075531005859375,0.0083160400390625
1682059232495287600,6.06528759765625,-0.0365753173828125,-0.0067901611328125,0.00738525390625
1682059232505233400,6.0752333984375,-0.0384674072265625,-0.007598876953125,0.0073089599609375
1682059232515178800,6.0851787109375,-0.038238525390625,-0.0068817138671875,0.0092010498046875
1682059232525123600,6.09512353515625,-0.038970947265625,-0.0073089599609375,0.0078582763671875
1682059232535068400,6.105068359375,-0.0381011962890625,-0.00732421875,0.0081939697265625
1682059232545014500,6.1150146484375,-0.0399322509765625,-0.008392333984375,0.0086669921875
1682059232554959600,6.124959716796875,-0.042999267578125,-0.0103302001953125,0.01226806640625
1682059232564904700,6.13490478515625,0.0465087890625,-1.5207061767578125,2.4340667724609375
1682059232574850600,6.1448505859375,-0.87542724609375,-6.6140594482421875,8.008773803710938
1682059232584795400,6.15479541015625,-2.590179443359375,-8.137252807617188,8.04620361328125
1682059232594740700,6.16474072265625,-3.8361663818359375,-7.9947662353515625,8.010086059570312
1682059232604685600,6.174685546875,-4.3627166748046875,-6.5807037353515625,8.018753051757812
1682059232614631700,6.184631591796875,-4.284942626953125,-0.28973388671875,5.9337310791015625
1682059232624576500,6.194576416015625,-1.7316436767578125,2.815093994140625,1.7923583984375
1682059232634521600,6.204521484375,-0.0640106201171875,2.1535491943359375,0.1053466796875
1682059232644467700,6.2144677734375,0.1896209716796875,0.7311859130859375,-0.1035614013671875
1682059232654412500,6.22441259765625,0.16156005859375,0.115447998046875,0.1110382080078125
1682059232664357600,6.234357666015625,0.12506103515625,-0.0975341796875,0.2139739990234375
1682059232674302200,6.24430224609375,0.047637939453125,-0.125640869140625,0.24114990234375
1682059232684248000,6.254248046875,0.013397216796875,-0.1341400146484375,0.24041748046875
1682059232694193000,6.26419287109375,0.0150299072265625,-0.1514739990234375,0.2387847900390625
1682059232704138000,6.274137939453125,0.009063720703125,-0.1671295166015625,0.2359161376953125
1682059232714083000,6.2840830078125,0.0066986083984375,-0.181304931640625,0.2295989990234375
1682059232724029200,6.294029296875,0.0051727294921875,-0.194488525390625,0.2223358154296875
1682059232733974000,6.30397412109375,0.0027618408203125,-0.20574951171875,0.21478271484375
1682059232743918800,6.3139189453125,0.001434326171875,-0.2162933349609375,0.205963134765625
1682059232753865000,6.323864990234375,0.0009918212890625,-0.225494384765625,0.1970062255859375
1682059232763809800,6.333809814453125,-0.0010223388671875,-0.233428955078125,0.187347412109375
1682059232773755100,6.343755126953125,-0.0008697509765625,-0.2402191162109375,0.1768035888671875
1682059232783700000,6.353699951171875,-0.001495361328125,-0.24542236328125,0.165679931640625
1682059232793646000,6.36364599609375,-0.00201416015625,-0.2501983642578125,0.1555633544921875
1682059232803591000,6.3735908203125,-0.001861572265625,-0.2532806396484375,0.1461334228515625
1682059232813536000,6.383535888671875,-0.002899169921875,-0.254791259765625,0.135986328125
1682059232823481000,6.393481201171875,-0.0030059814453125,-0.2569580078125,0.1269989013671875
1682059232833427000,6.403427001953125,-0.0024871826171875,-0.25787353515625,0.1184844970703125
1682059232843372000,6.4133720703125,-0.0006256103515625,-0.258514404296875,0.1097259521484375
1682059232853317000,6.423317138671875,0.000213623046875,-0.25787353515625,0.101959228515625
1682059232863262000,6.433261962890625,-0.001190185546875,-0.2566375732421875,0.0951690673828125
1682059232873208000,6.4432080078125,-0.000213623046875,-0.2566680908203125,0.085174560546875
1682059232883153000,6.45315283203125,0.017181396484375,-0.32012939453125,-0.1441650390625
1682059232893098200,6.46309814453125,0.1448974609375,-0.557647705078125,-1.1084136962890625
1682059232903044000,6.473044189453125,0.366455078125,-0.87664794921875,-2.3115081787109375
1682059232912989000,6.482989013671875,0.5189666748046875,-1.13677978515625,-2.6417083740234375
1682059232922934000,6.49293408203125,0.6334228515625,-1.0667266845703125,-2.4551849365234375
1682059232932878800,6.50287890625,0.7036285400390625,-0.5976409912109375,-2.4495086669921875
1682059232942825000,6.512824951171875,0.58941650390625,0.0307464599609375,-2.410369873046875
1682059232952770000,6.52277001953125,0.245941162109375,0.54351806640625,-2.1763763427734375
1682059232962715000,6.53271484375,0.0736083984375,0.8506622314453125,-1.7720489501953125
1682059232972660000,6.542659912109375,-0.0160369873046875,1.0166015625,-1.3685455322265625
1682059232982605800,6.552605712890625,-0.099151611328125,1.08477783203125,-0.991668701171875
1682059232992551200,6.56255126953125,-0.1421356201171875,1.0546875,-0.63568115234375
1682059233002496000,6.57249609375,-0.11895751953125,0.9552459716796875,-0.361358642578125
1682059233012440800,6.58244091796875,-0.1088714599609375,0.8206329345703125,-0.1876373291015625
1682059233022387000,6.592386962890625,-0.0966033935546875,0.6850738525390625,-0.0824127197265625
1682059233032332000,6.60233203125,-0.0910186767578125,0.559051513671875,0.0092315673828125
1682059233042277000,6.612277099609375,-0.088897705078125,0.4368133544921875,0.09747314453125
1682059233052223000,6.622222900390625,-0.0788421630859375,0.319549560546875,0.1854400634765625
1682059233062167800,6.632167724609375,0.0057830810546875,0.1931610107421875,0.259857177734375
1682059233072113200,6.642113037109375,0.2333526611328125,0.0767822265625,0.280242919921875
1682059233082058000,6.65205810546875,1.1772003173828125,0.0701751708984375,0.2302398681640625
1682059233092004000,6.662004150390625,2.518096923828125,0.2227783203125,0.2454681396484375
1682059233101949000,6.671948974609375,2.74420166015625,0.32977294921875,0.5394134521484375
1682059233111894000,6.68189404296875,2.4137725830078125,0.2539825439453125,0.7262725830078125
1682059233121839000,6.691839111328125,1.853118896484375,0.173614501953125,0.5743865966796875
1682059233131785000,6.701784912109375,1.24884033203125,0.1973724365234375,0.20294189453125
1682059233141730000,6.71172998046875,1.0242767333984375,0.296234130859375,-0.161407470703125
1682059233151675000,6.7216748046875,1.0329437255859375,0.3827362060546875,-0.3119964599609375
1682059233161621000,6.73162109375,1.087310791015625,0.40618896484375,-0.2987060546875
1682059233171566000,6.741566162109375,1.128173828125,0.3912506103515625,-0.26513671875
1682059233181511000,6.751510986328125,1.019683837890625,0.352935791015625,-0.2435150146484375
1682059233191456000,6.7614560546875,0.838836669921875,0.306365966796875,-0.2371368408203125
1682059233201401900,6.77140185546875,0.72296142578125,0.269134521484375,-0.2513885498046875
1682059233211347200,6.78134716796875,0.6843414306640625,0.2400970458984375,-0.27105712890625
1682059233221292000,6.7912919921875,0.7046051025390625,0.2114715576171875,-0.2798614501953125
1682059233231236900,6.80123681640625,0.7659149169921875,0.209136962890625,-0.273040771484375
1682059233241183000,6.811182861328125,0.8366851806640625,0.2540130615234375,-0.2187347412109375
1682059233251128000,6.821128173828125,0.866912841796875,0.2816619873046875,-0.126708984375
1682059233261073200,6.8310732421875,0.928985595703125,0.301513671875,-0.1202545166015625
1682059233271019000,6.84101904296875,1.0022430419921875,0.3253173828125,-0.142181396484375
1682059233280963800,6.8509638671875,1.0488128662109375,0.3220062255859375,-0.1676483154296875
1682059233290909000,6.860908935546875,1.065582275390625,0.3051605224609375,-0.187774658203125
1682059233300854000,6.87085400390625,1.03363037109375,0.2753143310546875,-0.1949615478515625
1682059233310800100,6.880800048828125,0.973907470703125,0.262115478515625,-0.1953125
1682059233320745000,6.890744873046875,0.9270477294921875,0.2620849609375,-0.186981201171875
1682059233330689800,6.900689697265625,0.895538330078125,0.2669677734375,-0.1777801513671875
1682059233340635100,6.91063525390625,0.88299560546875,0.2725982666015625,-0.172637939453125
1682059233350581000,6.9205810546875,0.9013671875,0.2760162353515625,-0.164794921875
1682059233360526000,6.930526123046875,0.942901611328125,0.283477783203125,-0.162139892578125
1682059233370471000,6.940470947265625,0.97125244140625,0.292327880859375,-0.1694793701171875
1682059233380416000,6.950416015625,0.973846435546875,0.290618896484375,-0.1788330078125
1682059233390362000,6.960362060546875,0.9581146240234375,0.2796630859375,-0.184906005859375
1682059233400307000,6.970306884765625,0.9415130615234375,0.27471923828125,-0.1793670654296875
1682059233410252000,6.980251953125,0.9344024658203125,0.276123046875,-0.1719970703125
1682059233420198000,6.990197998046875,0.929229736328125,0.2787322998046875,-0.1697998046875
1682059233430143200,7.000143310546875,0.9323577880859375,0.2784881591796875,-0.1724700927734375
1682059233440088000,7.010088134765625,0.943206787109375,0.2743377685546875,-0.1760101318359375
1682059233450033000,7.020032958984375,0.9511871337890625,0.2761077880859375,-0.1787109375
1682059233459979000,7.02997900390625,0.9557342529296875,0.2829132080078125,-0.181793212890625
1682059233469924000,7.039924072265625,0.947357177734375,0.2862091064453125,-0.1803741455078125
1682059233479869000,7.049868896484375,0.939666748046875,0.276824951171875,-0.175323486328125
1682059233489814000,7.05981396484375,0.93682861328125,0.2704925537109375,-0.167816162109375
1682059233499759900,7.069759765625,0.9420166015625,0.2790985107421875,-0.16943359375
1682059233509705000,7.079705078125,0.9449615478515625,0.28509521484375,-0.175689697265625
1682059233519650000,7.089650146484375,0.946533203125,0.283111572265625,-0.181640625
1682059233529596200,7.09959619140625,0.947479248046875,0.27154541015625,-0.182281494140625
1682059233539541000,7.109541015625,0.9451446533203125,0.2691497802734375,-0.177459716796875
1682059233549485800,7.11948583984375,0.945068359375,0.2794647216796875,-0.175384521484375
1682059233559431200,7.12943115234375,0.9405975341796875,0.28564453125,-0.174163818359375
1682059233569377000,7.139376953125,0.937713623046875,0.2811279296875,-0.175811767578125
1682059233579322000,7.149322021484375,0.941680908203125,0.27142333984375,-0.1744842529296875
1682059233589267000,7.159266845703125,0.94732666015625,0.2747802734375,-0.1737213134765625
1682059233599212000,7.1692119140625,0.95086669921875,0.287353515625,-0.1771240234375
1682059233609158100,7.179158203125,0.943695068359375,0.2893524169921875,-0.177276611328125
1682059233619103000,7.18910302734375,0.9416961669921875,0.2779388427734375,-0.17559814453125
1682059233629048000,7.199048095703125,0.94287109375,0.2676849365234375,-0.1715850830078125
1682059233638993200,7.2089931640625,0.9413604736328125,0.2744140625,-0.1748199462890625
1682059233648939000,7.21893896484375,0.9423828125,0.2848663330078125,-0.1793212890625
1682059233658884000,7.228884033203125,0.944580078125,0.2843017578125,-0.1792755126953125
1682059233668829000,7.238828857421875,0.9467926025390625,0.2772216796875,-0.1749267578125
1682059233678775600,7.248775634765625,0.944244384765625,0.2736663818359375,-0.1709442138671875
1682059233688720400,7.258720458984375,0.9419708251953125,0.280792236328125,-0.1711578369140625
1682059233698665500,7.26866552734375,0.9412689208984375,0.2872161865234375,-0.1732025146484375
1682059233708610600,7.278610595703125,0.94183349609375,0.2848968505859375,-0.1747283935546875
1682059233718556400,7.288556396484375,0.9446258544921875,0.275543212890625,-0.1729888916015625
1682059233728501500,7.29850146484375,0.946533203125,0.2749481201171875,-0.172760009765625
1682059233738446600,7.308446533203125,0.9432373046875,0.2811431884765625,-0.176422119140625
1682059233748391400,7.318391357421875,0.940093994140625,0.2830810546875,-0.1781158447265625
1682059233758337500,7.328337646484375,0.94317626953125,0.279205322265625,-0.175933837890625
1682059233768282400,7.338282470703125,0.9455108642578125,0.274932861328125,-0.174896240234375
1682059233778227500,7.3482275390625,0.945343017578125,0.2767791748046875,-0.1746063232421875
1682059233788172500,7.358172607421875,0.94342041015625,0.281494140625,-0.1767578125
1682059233798118400,7.368118408203125,0.9408416748046875,0.2807464599609375,-0.1782684326171875
1682059233808063500,7.3780634765625,0.942474365234375,0.2767181396484375,-0.177490234375
1682059233818008300,7.38800830078125,0.9462890625,0.275238037109375,-0.176055908203125
1682059233827954400,7.397954345703125,0.94708251953125,0.2786407470703125,-0.174835205078125
1682059233837899500,7.4078994140625,0.9442291259765625,0.282684326171875,-0.176544189453125
1682059233847844400,7.41784423828125,0.9390716552734375,0.280303955078125,-0.17626953125
1682059233857789400,7.42778955078125,0.9404754638671875,0.27606201171875,-0.1756439208984375
1682059233867735300,7.4377353515625,0.9456329345703125,0.277008056640625,-0.1748504638671875
1682059233877680600,7.4476806640625,0.9471435546875,0.2817840576171875,-0.1740264892578125
1682059233887625500,7.45762548828125,0.9440155029296875,0.2820892333984375,-0.17724609375
1682059233897570300,7.4675703125,0.9434356689453125,0.278411865234375,-0.1772918701171875
1682059233907516400,7.477516357421875,0.943450927734375,0.2753448486328125,-0.1768035888671875
1682059233917461500,7.48746142578125,0.943115234375,0.2753753662109375,-0.1765594482421875
1682059233927406600,7.497406494140625,0.9444122314453125,0.2800445556640625,-0.176727294921875
1682059233937352400,7.5073525390625,0.9447021484375,0.2811279296875,-0.1770782470703125
1682059233947297500,7.517297607421875,0.9426727294921875,0.2783966064453125,-0.1764984130859375
1682059233957242400,7.527242431640625,0.943206787109375,0.278045654296875,-0.17425537109375
1682059233967187500,7.5371875,0.943511962890625,0.2786102294921875,-0.173095703125
1682059233977133600,7.547133544921875,0.9429473876953125,0.2804718017578125,-0.1752166748046875
1682059233987078400,7.557078369140625,0.9447479248046875,0.28033447265625,-0.174591064453125
1682059233997023200,7.567023193359375,0.9442138671875,0.2791900634765625,-0.1746063232421875
1682059234006968600,7.576968505859375,0.94232177734375,0.277496337890625,-0.1765289306640625
1682059234016914400,7.58691455078125,0.943084716796875,0.2767486572265625,-0.1768798828125
1682059234026859500,7.596859619140625,0.94659423828125,0.278167724609375,-0.17681884765625
1682059234036804400,7.606804443359375,0.9446563720703125,0.278045654296875,-0.1770477294921875
1682059234046750500,7.61675048828125,0.94293212890625,0.278900146484375,-0.17596435546875
1682059234056695600,7.626695556640625,0.9430694580078125,0.2769317626953125,-0.174530029296875
1682059234066640400,7.636640380859375,0.9414825439453125,0.27813720703125,-0.174591064453125
1682059234076585500,7.64658544921875,0.942718505859375,0.2807464599609375,-0.174591064453125
1682059234086531300,7.65653125,0.944000244140625,0.27978515625,-0.17462158203125
1682059234096476700,7.6664765625,0.945892333984375,0.2783966064453125,-0.17547607421875
1682059234106421500,7.67642138671875,0.9468536376953125,0.27874755859375,-0.1766357421875
1682059234116366300,7.686366455078125,0.9452056884765625,0.2774505615234375,-0.17816162109375
1682059234126312400,7.6963125,0.9412689208984375,0.275421142578125,-0.179656982421875
1682059234136257500,7.706257568359375,0.9415435791015625,0.2749786376953125,-0.1782073974609375
1682059234146202600,7.71620263671875,0.9437713623046875,0.2763214111328125,-0.1764678955078125
1682059234156147500,7.7261474609375,0.9434967041015625,0.280914306640625,-0.1741790771484375
1682059234166093300,7.73609326171875,0.94281005859375,0.2841949462890625,-0.173431396484375
1682059234176038400,7.746038330078125,0.943145751953125,0.28399658203125,-0.17230224609375
1682059234185983500,7.7559833984375,0.9443817138671875,0.283050537109375,-0.1712493896484375
1682059234195929600,7.7659296875,0.94537353515625,0.284515380859375,-0.171905517578125
1682059234205874400,7.77587451171875,0.945465087890625,0.2816009521484375,-0.173797607421875
1682059234215819300,7.7858193359375,0.94500732421875,0.2783050537109375,-0.1769256591796875
1682059234225764600,7.7957646484375,0.94451904296875,0.274993896484375,-0.1796417236328125
1682059234235710500,7.80571044921875,0.9423065185546875,0.2728729248046875,-0.1792755126953125
1682059234245655600,7.815655517578125,0.939361572265625,0.2727203369140625,-0.180511474609375
1682059234255600400,7.825600341796875,0.938690185546875,0.275390625,-0.1795806884765625
1682059234265545500,7.83554541015625,0.9438934326171875,0.278717041015625,-0.1767425537109375
1682059234275491600,7.84549169921875,0.9463958740234375,0.28240966796875,-0.1730804443359375
1682059234285436400,7.8554365234375,0.9456939697265625,0.28546142578125,-0.1710357666015625
1682059234295381500,7.865381591796875,0.944854736328125,0.2855987548828125,-0.171112060546875
1682059234305327400,7.875327392578125,0.9423370361328125,0.283172607421875,-0.17083740234375
1682059234315272400,7.8852724609375,0.9438934326171875,0.2800140380859375,-0.1722259521484375
1682059234325217500,7.895217529296875,0.9440765380859375,0.2779388427734375,-0.1757659912109375
1682059234335162400,7.905162353515625,0.9432830810546875,0.276031494140625,-0.1784820556640625
1682059234345108500,7.9151083984375,0.94427490234375,0.276275634765625,-0.180267333984375
1682059234355053300,7.92505322265625,0.944000244140625,0.2746429443359375,-0.179290771484375
1682059234364998400,7.934998291015625,0.9437713623046875,0.2763671875,-0.1768035888671875
1682059234374943500,7.944943603515625,0.942535400390625,0.2781982421875,-0.1748199462890625
1682059234384889300,7.954889404296875,0.941375732421875,0.280548095703125,-0.174346923828125
1682059234394834400,7.96483447265625,0.9434967041015625,0.2825164794921875,-0.1720428466796875
1682059234404779500,7.974779541015625,0.945159912109375,0.283782958984375,-0.17059326171875
1682059234414724400,7.984724365234375,0.946624755859375,0.283721923828125,-0.171295166015625
1682059234424670500,7.99467041015625,0.94415283203125,0.282379150390625,-0.1736602783203125
1682059234434615300,8.004615234375,0.9439849853515625,0.2788238525390625,-0.1737060546875
1682059234444560600,8.014560546875,0.9436492919921875,0.2776641845703125,-0.1762542724609375
1682059234454506500,8.024506591796875,0.9425201416015625,0.276611328125,-0.17742919921875
1682059234464451600,8.03445166015625,0.9433135986328125,0.2759552001953125,-0.177886962890625
1682059234474396400,8.044396484375,0.9442596435546875,0.2770538330078125,-0.1764984130859375
1682059234484341500,8.054341552734375,0.9445037841796875,0.2783966064453125,-0.1745452880859375
1682059234494287600,8.06428759765625,0.9427337646484375,0.2808685302734375,-0.1747894287109375
1682059234504232400,8.074232421875,0.9429473876953125,0.2797393798828125,-0.173309326171875
1682059234514177500,8.084177490234374,0.9402618408203125,0.279693603515625,-0.167755126953125
1682059234524122400,8.094122314453125,0.939788818359375,0.283233642578125,-0.176544189453125
1682059234534068200,8.104068115234375,0.951690673828125,0.280792236328125,-0.180877685546875
1682059234544013600,8.114013671875,0.950775146484375,0.2800140380859375,-0.1789093017578125
1682059234553958400,8.12395849609375,0.9423675537109375,0.2765960693359375,-0.176727294921875
1682059234563904500,8.133904541015625,0.9401397705078125,0.276214599609375,-0.1746978759765625
1682059234573849300,8.143849365234376,0.936859130859375,0.275054931640625,-0.1750946044921875
1682059234583794400,8.15379443359375,0.9350738525390625,0.27459716796875,-0.1771087646484375
1682059234593739500,8.163739501953126,0.9358062744140625,0.276458740234375,-0.181182861328125
1682059234603685400,8.173685302734375,0.944854736328125,0.2791900634765625,-0.1793365478515625
1682059234613630500,8.18363037109375,0.9550628662109375,0.281280517578125,-0.1745147705078125
1682059234623575600,8.193575439453125,0.9427642822265625,0.280548095703125,-0.1704254150390625
1682059234633520400,8.203520263671875,0.9244842529296875,0.279205322265625,-0.1682281494140625
1682059234643466500,8.213466552734374,0.9306488037109375,0.284271240234375,-0.173492431640625
1682059234653411300,8.223411376953125,0.9545745849609375,0.27655029296875,-0.18267822265625
1682059234663356400,8.2333564453125,0.9690399169921875,0.2691650390625,-0.1854248046875
1682059234673302500,8.243302490234376,0.9610443115234375,0.27557373046875,-0.182586669921875
1682059234683246800,8.253246826171875,0.94195556640625,0.283935546875,-0.1824951171875
1682059234693191700,8.263191650390626,0.9372711181640625,0.2823028564453125,-0.1792755126953125
1682059234703137000,8.273136962890625,0.9380645751953125,0.274505615234375,-0.172576904296875
1682059234713083000,8.283082763671874,0.939178466796875,0.2735595703125,-0.1699371337890625
1682059234723028000,8.293028076171876,0.9359893798828125,0.2770843505859375,-0.1725616455078125
1682059234732972800,8.302972900390625,0.932098388671875,0.279693603515625,-0.1800079345703125
1682059234742918000,8.31291796875,0.940948486328125,0.2789459228515625,-0.183990478515625
1682059234752864000,8.322864013671875,0.9476318359375,0.2805328369140625,-0.1820831298828125
1682059234762808800,8.332808837890624,0.9438323974609375,0.2801361083984375,-0.178680419921875
1682059234772753700,8.342753662109375,0.9347991943359375,0.27740478515625,-0.1785736083984375
1682059234782699800,8.35269970703125,0.9328765869140625,0.2735748291015625,-0.1827239990234375
1682059234792644900,8.362644775390624,0.9327545166015625,0.2737274169921875,-0.1833953857421875
1682059234802590000,8.37258984375,0.932769775390625,0.279388427734375,-0.184295654296875
1682059234812534800,8.38253466796875,0.934722900390625,0.2850799560546875,-0.1861114501953125
1682059234822481000,8.39248095703125,0.93487548828125,0.2818756103515625,-0.1909332275390625
1682059234832425700,8.40242578125,0.9337615966796875,0.2728729248046875,-0.193389892578125
1682059234842370800,8.412370849609376,0.92938232421875,0.2697296142578125,-0.2056732177734375
1682059234852316000,8.42231591796875,0.9423675537109375,0.2722625732421875,-0.194732666015625
1682059234862261800,8.43226171875,0.917388916015625,0.278656005859375,-0.18267822265625
1682059234872206800,8.442206787109376,0.8948822021484375,0.2849273681640625,-0.18719482421875
1682059234882152000,8.45215185546875,0.891998291015625,0.279632568359375,-0.1948394775390625
1682059234892098000,8.46209814453125,0.9048919677734375,0.2664642333984375,-0.19573974609375
1682059234902043000,8.47204296875,0.9250030517578125,0.260284423828125,-0.1927337646484375
1682059234911987700,8.48198779296875,0.937713623046875,0.2592926025390625,-0.192962646484375
1682059234921933000,8.49193310546875,0.9372406005859375,0.2615966796875,-0.1976776123046875
1682059234931879000,8.50187890625,0.9296875,0.2624053955078125,-0.201202392578125
1682059234941823700,8.51182373046875,0.9250335693359375,0.2533721923828125,-0.2137298583984375
1682059234951768800,8.521768798828125,0.9293670654296875,0.2386322021484375,-0.2247161865234375
1682059234961713700,8.531713623046874,0.9399261474609375,0.2345123291015625,-0.2340240478515625
1682059234971659800,8.54165966796875,0.9526824951171875,0.2444305419921875,-0.2471466064453125
1682059234981604900,8.55160498046875,0.99285888671875,0.2646942138671875,-0.219207763671875
1682059234991549700,8.5615498046875,1.00933837890625,0.2548065185546875,-0.1765289306640625
1682059235001494800,8.571494873046875,0.9762115478515625,0.242523193359375,-0.1903533935546875
1682059235011440600,8.581440673828125,0.9539947509765625,0.25384521484375,-0.2361907958984375
1682059235021386000,8.591385986328126,0.978607177734375,0.2592010498046875,-0.262603759765625
1682059235031330800,8.601330810546875,1.0013580322265625,0.26275634765625,-0.2666778564453125
1682059235041277000,8.61127685546875,0.98785400390625,0.2625732421875,-0.2649078369140625
1682059235051221800,8.6212216796875,0.953521728515625,0.2477874755859375,-0.2713470458984375
1682059235061166800,8.631166748046875,0.9607696533203125,0.255767822265625,-0.3228759765625
1682059235071112000,8.64111181640625,0.9775238037109375,0.2803192138671875,-0.3256072998046875
1682059235081057800,8.651057861328125,0.996734619140625,0.27130126953125,-0.28680419921875
1682059235091003000,8.6610029296875,0.997772216796875,0.2401885986328125,-0.2629852294921875
1682059235100948000,8.670947998046875,1.002655029296875,0.2123565673828125,-0.272918701171875
1682059235110892800,8.680892822265625,1.0096435546875,0.206390380859375,-0.3072662353515625
1682059235120839000,8.6908388671875,1.011016845703125,0.21417236328125,-0.3155059814453125
1682059235130783700,8.70078369140625,1.0324249267578125,0.2164154052734375,-0.307769775390625
1682059235140728800,8.710728759765624,1.01605224609375,0.18878173828125,-0.3285064697265625
1682059235150675000,8.720675048828125,1.0110321044921875,0.1644744873046875,-0.3536376953125
1682059235160619800,8.730619873046875,1.0194091796875,0.148590087890625,-0.359466552734375
1682059235170564900,8.74056494140625,1.002288818359375,0.1390380859375,-0.4158477783203125
1682059235180509700,8.750509765625,0.994110107421875,0.1713104248046875,-0.4422454833984375
1682059235190455800,8.760455810546874,1.012298583984375,0.2086334228515625,-0.3993377685546875
1682059235200401000,8.77040087890625,1.0263214111328125,0.2187042236328125,-0.372772216796875
1682059235210345700,8.780345703125,1.0411529541015625,0.240264892578125,-0.345123291015625
1682059235220290800,8.790290771484376,1.0500335693359375,0.236175537109375,-0.3477020263671875
1682059235230236700,8.800236572265625,0.99578857421875,0.199920654296875,-0.365478515625
1682059235240182000,8.81018212890625,0.964111328125,0.200225830078125,-0.3690185546875
1682059235250126800,8.820126953125,0.963348388671875,0.2259979248046875,-0.3340301513671875
1682059235260073000,8.830072998046875,0.94537353515625,0.242950439453125,-0.324127197265625
1682059235270017800,8.840017822265626,0.91033935546875,0.2676849365234375,-0.339691162109375
1682059235279963000,8.849962890625,0.915374755859375,0.2740325927734375,-0.36468505859375
1682059235289908000,8.859907958984374,0.9330902099609375,0.269012451171875,-0.386016845703125
1682059235299853800,8.869853759765626,0.8504180908203125,0.1855010986328125,-0.454315185546875
1682059235309798700,8.879798583984375,0.8364715576171875,0.109954833984375,-0.575164794921875
1682059235319743700,8.88974365234375,0.811279296875,0.0347747802734375,-0.631195068359375
1682059235329688800,8.899688720703125,0.8534393310546875,0.0060882568359375,-0.6495208740234375
1682059235339635000,8.909635009765625,0.83551025390625,-0.02593994140625,-0.5949859619140625
1682059235349579800,8.919579833984375,0.8235321044921875,-0.022064208984375,-0.5763092041015625
1682059235359524600,8.929524658203125,0.805206298828125,0.0332183837890625,-0.59417724609375
1682059235369470700,8.939470703125,0.779937744140625,0.05108642578125,-0.6303558349609375
1682059235379415800,8.949415771484375,0.73809814453125,0.0777740478515625,-0.6639404296875
1682059235389361000,8.95936083984375,0.659942626953125,0.1434173583984375,-0.68145751953125
1682059235399305700,8.9693056640625,0.575958251953125,0.2535858154296875,-0.660614013671875
1682059235409251800,8.979251953125,0.5590057373046875,0.3684844970703125,-0.640289306640625
1682059235419197000,8.989197021484374,0.49505615234375,0.2699432373046875,-0.762847900390625
1682059235429141800,8.999141845703125,0.4577178955078125,0.083770751953125,-0.8231201171875
1682059235439086800,9.0090869140625,0.5411224365234375,0.091400146484375,-0.8235626220703125
1682059235449032700,9.01903271484375,0.5773468017578125,0.16265869140625,-0.767913818359375
1682059235458978000,9.02897802734375,0.5908050537109375,0.25177001953125,-0.7414093017578125
1682059235468923000,9.0389228515625,0.4940032958984375,0.3238525390625,-0.7691802978515625
1682059235478868700,9.04886865234375,0.36663818359375,0.412689208984375,-0.7978363037109375
1682059235488813800,9.058813720703125,0.231964111328125,0.51922607421875,-0.779205322265625
